appid,juego,editora,lanzamiento,precio_cop,precio_usd,cop_por_usd,precio_usd_mas_iva_en_cop,diferencia_vs_usd_mas_iva_pct,jugadores_simultaneos,resenas_total,resenas_positivas_pct
2288340,"Ace Combat 8","Bandai Namco Entertainment Inc.","1 OCT 2026",209900,69.99,2999,275495,-23.8,47257,7401,74.9
3010850,"Gears of War: E-Day","Xbox Game Studios","6 OCT 2026",279900,69.99,3999,275495,1.6,,979,85.2
4080220,"EA Sports FC 27","Electronic Arts","24 SEP 2026",279999,69.99,4001,275495,1.6,74721,6272,53.1
3764200,"Resident Evil Requiem","CAPCOM Co., Ltd.","26 FEB 2026",220500,69.99,3150,275495,-20.0,4913,185824,95.9
1636440,"Silent Hill: Townfall","KONAMI/ Annapurna Interactive","23 SEP 2026",200900,49.99,4019,196771,2.1,2441,4542,67
4231820,"Castlevania: Belmont's Curse","KONAMI","14 OCT 2026",120900,29.99,4031,118047,2.4,,0,
4435490,"Call of Duty: MW4","Activision","22 OCT 2026",339900,69.99,4856,275495,23.4,,0,
3768760,"007 First Light","IO Interactive A/S","26 MAY 2026",160000,69.99,2286,275495,-41.9,2967,47345,91.2
3259780,"Final Fantasy Resonance","Square Enix","22 OCT 2026",180000,49.99,3601,196771,-8.5,,0,
3357650,"Pragmata","CAPCOM Co., Ltd.","16 ABR 2026",189000,59.99,3151,236133,-20.0,1312,53883,96.5
2807960,"Battlefield 6","Electronic Arts","10 OCT 2025",279999,69.99,4001,275495,1.6,32140,370556,63.7
1285190,"Borderlands 4","2K","11 SEP 2025",289900,69.99,4142,275495,5.2,7175,86625,57.6
3280350,"Death Stranding 2","PlayStation Publishing LLC/KOJIMA PRODUCTIONS","19 MAR 2026",259000,69.99,3701,275495,-6.0,1901,27825,95.2
3321460,"Crimson Desert","Pearl Abyss","19 MAR 2026",279900,69.99,3999,275495,1.6,17452,175922,83.7
2769570,"Fable","Xbox Game Studios","23 FEB 2027",279900,69.99,3999,275495,1.6,,0,
1903340,"Clair Obscur: Exp. 33","Kepler Interactive","24 ABR 2025",153000,49.99,3061,196771,-22.2,5478,279826,95.2
1030300,"Hollow Knight: Silksong","Team Cherry","4 SEP 2025",47500,19.99,2376,78685,-39.6,8617,424273,89.5
2246340,"Monster Hunter Wilds","CAPCOM Co., Ltd.","27 FEB 2025",121800,39.99,3046,157409,-22.6,40481,332179,49.5
1245620,"Elden Ring","FromSoftware, Inc./Bandai Namco Entertainment","24 FEB 2022",201900,59.99,3366,236133,-14.5,32719,1157212,93
3065800,"Marathon","Bungie","5 MAR 2026",124900,39.99,3123,157409,-20.7,1513,64393,76.6
2537470,"Vultures","Firesquid/Gamersky Games","13 MAY 2026",24999,17.99,1390,70812,-64.7,5,615,81.5
